{
  "val": {
    "accuracy": 0.5625,
    "f1_macro": 0.5833554474421347,
    "precision_per_class": [
      0.5625,
      0.5714285714285714,
      0.8,
      0.4
    ],
    "recall_per_class": [
      0.5,
      0.5,
      0.8888888888888888,
      0.46153846153846156
    ],
    "f1_per_class": [
      0.5294117647058824,
      0.5333333333333333,
      0.8421052631578947,
      0.42857142857142855
    ],
    "support": [
      18,
      8,
      9,
      13
    ]
  },
  "best_f1_macro": 0.5833554474421347
}